"TimeRun1","Run1","TimeRun2","Run2","TimeRun3","Run3","TimeRun4","Run4"
0.000,-0.23,0.000,-0.20,0.000,-0.22,0.000,-0.22
0.050,-0.22,0.050,-0.22,0.050,-0.22,0.050,-0.22
0.100,-0.22,0.100,-0.22,0.100,-0.22,0.100,-0.22
0.150,-0.23,0.150,-0.22,0.150,-0.22,0.150,-0.22
0.200,-0.24,0.200,-0.22,0.200,-0.22,0.200,-0.22
0.250,-0.23,0.250,-0.21,0.250,-0.21,0.250,-0.22
0.300,-0.24,0.300,-0.21,0.300,-0.22,0.300,-0.23
0.350,-0.24,0.350,-0.21,0.350,-0.20,0.350,-0.22
0.400,-0.24,0.400,-0.21,0.400,-0.19,0.400,-0.23
0.450,-0.22,0.450,-0.21,0.450,-0.19,0.450,-0.22
0.500,-0.23,0.500,-0.22,0.500,-0.21,0.500,-0.23
0.550,-0.22,0.550,-0.22,0.550,-0.20,0.550,-0.22
0.600,-0.22,0.600,-0.22,0.600,-0.21,0.600,-0.22
0.650,-0.22,0.650,-0.22,0.650,-0.22,0.650,-0.22
0.700,-0.22,0.700,-0.23,0.700,-0.20,0.700,-0.22
0.750,-0.21,0.750,-0.22,0.750,-0.20,0.750,-0.22
0.800,-0.21,0.800,-0.21,0.800,-0.21,0.800,-0.21
0.850,-0.22,0.850,-0.21,0.850,-0.21,0.850,-0.21
0.900,-0.23,0.900,-0.21,0.900,-0.22,0.900,-0.22
0.950,-0.22,0.950,-0.22,0.950,-0.21,0.950,-0.22
1.000,-0.22,1.000,-0.22,1.000,-0.22,1.000,-0.23
1.050,-0.24,1.050,-0.21,1.050,-0.21,1.050,-0.21
1.100,-0.24,1.100,-0.21,1.100,-0.22,1.100,-0.21
1.150,-0.22,1.150,-0.21,1.150,-0.21,1.150,-0.21
1.200,-0.23,1.200,-0.21,1.200,-0.22,1.200,-0.22
1.250,-0.22,1.250,-0.21,1.250,-0.22,1.250,-0.21
1.300,-0.22,1.300,-0.21,1.300,-0.22,1.300,-0.21
1.350,-0.24,1.350,-0.21,1.350,-0.22,1.350,-0.21
1.400,-0.24,1.400,-0.22,1.400,-0.21,1.400,-0.21
1.450,-0.22,1.450,-0.22,1.450,-0.22,1.450,-0.21
1.500,-0.23,1.500,-0.22,1.500,-0.22,1.500,-0.21
1.550,-0.22,1.550,-0.22,1.550,-0.22,1.550,-0.21
1.600,-0.23,1.600,-0.21,1.600,-0.22,1.600,-0.21
1.650,-0.23,1.650,-0.21,1.650,-0.22,1.650,-0.21
1.700,-0.22,1.700,-0.21,1.700,-0.21,1.700,-0.22
1.750,-0.21,1.750,-0.22,1.750,-0.22,1.750,-0.21
1.800,-0.22,1.800,-0.21,1.800,-0.22,1.800,-0.22
1.850,-0.22,1.850,-0.21,1.850,-0.22,1.850,-0.21
1.900,-0.23,1.900,-0.21,1.900,-0.22,1.900,-0.21
1.950,-0.22,1.950,-0.21,1.950,-0.21,1.950,-0.21
2.000,-0.22,2.000,-0.21,2.000,-0.20,2.000,-0.21
2.050,-0.22,2.050,-0.21,2.050,-0.21,2.050,-0.21
2.100,-0.23,2.100,-0.21,2.100,-0.21,2.100,-0.21
2.150,-0.23,2.150,-0.21,2.150,-0.21,2.150,-0.21
2.200,-0.24,2.200,-0.20,2.200,-0.22,2.200,-0.21
2.250,-0.22,2.250,-0.21,2.250,-0.21,2.250,-0.22
2.300,-0.23,2.300,-0.22,2.300,-0.21,2.300,-0.22
2.350,-0.22,2.350,-0.20,2.350,-0.20,2.350,-0.21
2.400,-0.23,2.400,-0.21,2.400,-0.22,2.400,-0.22
2.450,-0.23,2.450,-0.20,2.450,-0.21,2.450,-0.22
2.500,-0.23,2.500,-0.20,2.500,-0.21,2.500,-0.23
2.550,-0.23,2.550,-0.20,2.550,-0.20,2.550,-0.22
2.600,-0.23,2.600,-0.20,2.600,-0.21,2.600,-0.23
2.650,-0.22,2.650,-0.21,2.650,-0.21,2.650,-0.22
2.700,-0.23,2.700,-0.21,2.700,-0.22,2.700,-0.22
2.750,-0.23,2.750,-0.22,2.750,-0.21,2.750,-0.22
2.800,-0.23,2.800,-0.22,2.800,-0.21,2.800,-0.23
2.850,-0.23,2.850,-0.20,2.850,-0.21,2.850,-0.22
2.900,-0.22,2.900,-0.20,2.900,-0.22,2.900,-0.22
2.950,-0.23,2.950,-0.20,2.950,-0.21,2.950,-0.22
3.000,-0.23,3.000,-0.20,3.000,-0.22,3.000,-0.23
3.050,-0.23,3.050,-0.21,3.050,-0.22,3.050,-0.22
3.100,-0.22,3.100,-0.21,3.100,-0.21,3.100,-0.22
3.150,-0.24,3.150,-0.21,3.150,-0.21,3.150,-0.22
3.200,-0.24,3.200,-0.22,3.200,-0.21,3.200,-0.22
3.250,-0.23,3.250,-0.21,3.250,-0.22,3.250,-0.22
3.300,-0.23,3.300,-0.22,3.300,-0.21,3.300,-0.22
3.350,-0.23,3.350,-0.22,3.350,-0.21,3.350,-0.22
3.400,-0.24,3.400,-0.22,3.400,-0.21,3.400,-0.22
3.450,-0.23,3.450,-0.20,3.450,-0.21,3.450,-0.23
3.500,-0.23,3.500,-0.22,3.500,-0.22,3.500,-0.22
3.550,-0.23,3.550,-0.20,3.550,-0.22,3.550,-0.22
3.600,-0.23,3.600,-0.22,3.600,-0.21,3.600,-0.23
3.650,-0.24,3.650,-0.22,3.650,-0.21,3.650,-0.22
3.700,-0.23,3.700,-0.22,3.700,-0.22,3.700,-0.22
3.750,-0.23,3.750,-0.22,3.750,-0.21,3.750,-0.22
3.800,-0.23,3.800,-0.22,3.800,-0.21,3.800,-0.23
3.850,-0.22,3.850,-0.22,3.850,-0.22,3.850,-0.22
3.900,-0.24,3.900,-0.21,3.900,-0.21,3.900,-0.22
3.950,-0.23,3.950,-0.22,3.950,-0.21,3.950,-0.22
4.000,-0.24,4.000,-0.21,4.000,-0.21,4.000,-0.22
4.050,-0.24,4.050,-0.22,4.050,-0.21,4.050,-0.22
4.100,-0.24,4.100,-0.22,4.100,-0.22,4.100,-0.22
4.150,-0.24,4.150,-0.21,4.150,-0.21,4.150,-0.22
4.200,-0.23,4.200,-0.21,4.200,-0.21,4.200,-0.22
4.250,-0.24,4.250,-0.22,4.250,-0.21,4.250,-0.22
4.300,-0.22,4.300,-0.21,4.300,-0.23,4.300,-0.22
4.350,-0.22,4.350,-0.22,4.350,-0.21,4.350,-0.21
4.400,-0.24,4.400,-0.21,4.400,-0.22,4.400,-0.22
4.450,-0.23,4.450,-0.22,4.450,-0.22,4.450,-0.24
4.500,-0.23,4.500,-0.22,4.500,-0.22,4.500,-0.22
4.550,-0.23,4.550,-0.21,4.550,-0.21,4.550,-0.21
4.600,-0.23,4.600,-0.22,4.600,-0.21,4.600,-0.23
4.650,-0.23,4.650,-0.21,4.650,-0.22,4.650,-0.22
4.700,-0.23,4.700,-0.21,4.700,-0.21,4.700,-0.22
4.750,-0.22,4.750,-0.21,4.750,-0.21,4.750,-0.21
4.800,-0.24,4.800,-0.22,4.800,-0.22,4.800,-0.22
4.850,-0.24,4.850,-0.20,4.850,-0.22,4.850,-0.22
4.900,-0.23,4.900,-0.21,4.900,-0.22,4.900,-0.22
4.950,-0.24,4.950,-0.21,4.950,-0.21,4.950,-0.22
5.000,-0.23,5.000,-0.23,5.000,-0.21,5.000,-0.21
5.050,-0.22,5.050,-0.22,5.050,-0.22,5.050,-0.22
5.100,-0.24,5.100,-0.22,5.100,-0.22,5.100,-0.22
5.150,-0.22,5.150,-0.22,5.150,-0.22,5.150,-0.22
5.200,-0.24,5.200,-0.22,5.200,-0.22,5.200,-0.22
5.250,-0.23,5.250,-0.21,5.250,-0.21,5.250,-0.21
5.300,-0.22,5.300,-0.21,5.300,-0.23,5.300,-0.22
5.350,-0.22,5.350,-0.21,5.350,-0.21,5.350,-0.21
5.400,-0.22,5.400,-0.21,5.400,-0.22,5.400,-0.22
5.450,-0.23,5.450,-0.21,5.450,-0.21,5.450,-0.22
5.500,-0.23,5.500,-0.22,5.500,-0.22,5.500,-0.22
5.550,-0.22,5.550,-0.22,5.550,-0.22,5.550,-0.21
5.600,-0.23,5.600,-0.22,5.600,-0.21,5.600,-0.22
5.650,-0.22,5.650,-0.22,5.650,-0.21,5.650,-0.22
5.700,-0.22,5.700,-0.22,5.700,-0.21,5.700,-0.22
5.750,-0.23,5.750,-0.21,5.750,-0.21,5.750,-0.22
5.800,-0.23,5.800,-0.22,5.800,-0.22,5.800,-0.21
5.850,-0.23,5.850,-0.21,5.850,-0.21,5.850,-0.22
5.900,-0.23,5.900,-0.22,5.900,-0.20,5.900,-0.22
5.950,-0.23,5.950,-0.21,5.950,-0.20,5.950,-0.22
6.000,-0.25,6.000,-0.22,6.000,-0.22,6.000,-0.23
6.050,-0.24,6.050,-0.20,6.050,-0.22,6.050,-0.23
6.100,-0.24,6.100,-0.21,6.100,-0.22,6.100,-0.23
6.150,-0.23,6.150,-0.22,6.150,-0.21,6.150,-0.21
6.200,-0.23,6.200,-0.23,6.200,-0.21,6.200,-0.22
6.250,-0.22,6.250,-0.22,6.250,-0.22,6.250,-0.21
6.300,-0.22,6.300,-0.22,6.300,-0.21,6.300,-0.22
6.350,-0.22,6.350,-0.22,6.350,-0.23,6.350,-0.21
6.400,-0.23,6.400,-0.23,6.400,-0.22,6.400,-0.21
6.450,-0.23,6.450,-0.21,6.450,-0.22,6.450,-0.22
6.500,-0.22,6.500,-0.22,6.500,-0.22,6.500,-0.22
6.550,-0.22,6.550,-0.21,6.550,-0.23,6.550,-0.21
6.600,-0.23,6.600,-0.22,6.600,-0.22,6.600,-0.23
6.650,-0.23,6.650,-0.20,6.650,-0.22,6.650,-0.22
6.700,-0.24,6.700,-0.21,6.700,-0.23,6.700,-0.22
6.750,-0.23,6.750,-0.21,6.750,-0.22,6.750,-0.22
6.800,-0.23,6.800,-0.22,6.800,-0.22,6.800,-0.23
6.850,-0.22,6.850,-0.21,6.850,-0.23,6.850,-0.22
6.900,-0.23,6.900,-0.21,6.900,-0.23,6.900,-0.22
6.950,-0.22,6.950,-0.23,6.950,-0.23,6.950,-0.22
7.000,-0.24,7.000,-0.22,7.000,-0.23,7.000,-0.22
7.050,-0.21,7.050,-0.22,7.050,-0.22,7.050,-0.22
7.100,-0.23,7.100,-0.23,7.100,-0.23,7.100,-0.22
7.150,-0.22,7.150,-0.22,7.150,-0.22,7.150,-0.22
7.200,-0.22,7.200,-0.22,7.200,-0.23,7.200,-0.21
7.250,-0.23,7.250,-0.23,7.250,-0.22,7.250,-0.22
7.300,-0.22,7.300,-0.23,7.300,-0.22,7.300,-0.22
7.350,-0.24,7.350,-0.22,7.350,-0.22,7.350,-0.22
7.400,-0.23,7.400,-0.23,7.400,-0.21,7.400,-0.21
7.450,-0.24,7.450,-0.22,7.450,-0.21,7.450,-0.22
7.500,-0.24,7.500,-0.21,7.500,-0.22,7.500,-0.22
7.550,-0.22,7.550,-0.21,7.550,-0.21,7.550,-0.21
7.600,-0.24,7.600,-0.22,7.600,-0.22,7.600,-0.22
7.650,-0.24,7.650,-0.21,7.650,-0.22,7.650,-0.21
7.700,-0.24,7.700,-0.23,7.700,-0.22,7.700,-0.21
7.750,-0.23,7.750,-0.22,7.750,-0.22,7.750,-0.20
7.800,-0.23,7.800,-0.23,7.800,-0.21,7.800,-0.22
7.850,-0.22,7.850,-0.23,7.850,-0.22,7.850,-0.21
7.900,-0.23,7.900,-0.23,7.900,-0.22,7.900,-0.21
7.950,-0.23,7.950,-0.23,7.950,-0.23,7.950,-0.20
8.000,-0.24,8.000,-0.22,8.000,-0.23,8.000,-0.22
8.050,-0.24,8.050,-0.22,8.050,-0.22,8.050,-0.21
8.100,-0.22,8.100,-0.22,8.100,-0.22,8.100,-0.21
8.150,-0.22,8.150,-0.21,8.150,-0.21,8.150,-0.21
8.200,-0.23,8.200,-0.21,8.200,-0.22,8.200,-0.20
8.250,-0.23,8.250,-0.21,8.250,-0.21,8.250,-0.20
8.300,-0.24,8.300,-0.22,8.300,-0.22,8.300,-0.20
8.350,-0.22,8.350,-0.22,8.350,-0.22,8.350,-0.21
8.400,-0.24,8.400,-0.22,8.400,-0.22,8.400,-0.21
8.450,-0.22,8.450,-0.21,8.450,-0.22,8.450,-0.21
8.500,-0.23,8.500,-0.22,8.500,-0.23,8.500,-0.21
8.550,-0.23,8.550,-0.22,8.550,-0.22,8.550,-0.21
8.600,-0.24,8.600,-0.22,8.600,-0.23,8.600,-0.22
8.650,-0.22,8.650,-0.21,8.650,-0.22,8.650,-0.21
8.700,-0.24,8.700,-0.22,8.700,-0.22,8.700,-0.21
8.750,-0.22,8.750,-0.21,8.750,-0.22,8.750,-0.21
8.800,-0.23,8.800,-0.21,8.800,-0.22,8.800,-0.22
8.850,-0.24,8.850,-0.22,8.850,-0.21,8.850,-0.21
8.900,-0.23,8.900,-0.23,8.900,-0.22,8.900,-0.22
8.950,-0.23,8.950,-0.22,8.950,-0.20,8.950,-0.21
9.000,-0.23,9.000,-0.21,9.000,-0.23,9.000,-0.21
9.050,-0.23,9.050,-0.22,9.050,-0.21,9.050,-0.22
9.100,-0.23,9.100,-0.23,9.100,-0.22,9.100,-0.22
9.150,-0.22,9.150,-0.23,9.150,-0.21,9.150,-0.22
9.200,-0.22,9.200,-0.23,9.200,-0.21,9.200,-0.22
9.250,-0.24,9.250,-0.22,9.250,-0.21,9.250,-0.22
9.300,-0.23,9.300,-0.22,9.300,-0.22,9.300,-0.22
9.350,-0.23,9.350,-0.22,9.350,-0.21,9.350,-0.22
9.400,-0.23,9.400,-0.23,9.400,-0.22,9.400,-0.22
9.450,-0.23,9.450,-0.22,9.450,-0.21,9.450,-0.22
9.500,-0.23,9.500,-0.22,9.500,-0.21,9.500,-0.23
9.550,-0.23,9.550,-0.21,9.550,-0.23,9.550,-0.22
9.600,-0.23,9.600,-0.22,9.600,-0.23,9.600,-0.23
9.650,-0.22,9.650,-0.21,9.650,-0.22,9.650,-0.22
9.700,-0.22,9.700,-0.22,9.700,-0.22,9.700,-0.22
9.750,-0.21,9.750,-0.22,9.750,-0.21,9.750,-0.22
9.800,-0.22,9.800,-0.21,9.800,-0.22,9.800,-0.22
9.850,-0.23,9.850,-0.22,9.850,-0.21,9.850,-0.22
9.900,-0.22,9.900,-0.21,9.900,-0.21,9.900,-0.22
9.950,-0.22,9.950,-0.22,9.950,-0.21,9.950,-0.22
10.000,-0.23,10.000,-0.22,10.000,-0.22,10.000,-0.23
10.050,-0.23,10.050,-0.22,10.050,-0.22,10.050,-0.22
10.100,-0.23,10.100,-0.21,10.100,-0.22,10.100,-0.22
10.150,-0.23,10.150,-0.22,10.150,-0.22,10.150,-0.22
10.200,-0.23,10.200,-0.22,10.200,-0.22,10.200,-0.22
10.250,-0.22,10.250,-0.21,10.250,-0.22,10.250,-0.22
10.300,-0.22,10.300,-0.22,10.300,-0.21,10.300,-0.22
10.350,-0.22,10.350,-0.22,10.350,-0.20,10.350,-0.22
10.400,-0.22,10.400,-0.23,10.400,-0.22,10.400,-0.22
10.450,-0.22,10.450,-0.22,10.450,-0.22,10.450,-0.22
10.500,-0.23,10.500,-0.22,10.500,-0.22,10.500,-0.22
10.550,-0.23,10.550,-0.21,10.550,-0.22,10.550,-0.22
10.600,-0.23,10.600,-0.22,10.600,-0.22,10.600,-0.22
10.650,-0.22,10.650,-0.21,10.650,-0.21,10.650,-0.22
10.700,-0.22,10.700,-0.22,10.700,-0.22,10.700,-0.22
10.750,-0.22,10.750,-0.21,10.750,-0.21,10.750,-0.21
10.800,-0.22,10.800,-0.22,10.800,-0.22,10.800,-0.22
10.850,-0.22,10.850,-0.21,10.850,-0.22,10.850,-0.21
10.900,-0.23,10.900,-0.22,10.900,-0.22,10.900,-0.22
10.950,-0.22,10.950,-0.22,10.950,-0.22,10.950,-0.21
11.000,-0.22,11.000,-0.22,11.000,-0.22,11.000,-0.22
11.050,-0.23,11.050,-0.22,11.050,-0.22,11.050,-0.22
11.100,-0.22,11.100,-0.21,11.100,-0.21,11.100,-0.22
11.150,-0.22,11.150,-0.22,11.150,-0.21,11.150,-0.22
11.200,-0.23,11.200,-0.22,11.200,-0.21,11.200,-0.23
11.250,-0.22,11.250,-0.23,11.250,-0.22,11.250,-0.22
11.300,-0.22,11.300,-0.22,11.300,-0.21,11.300,-0.22
11.350,-0.22,11.350,-0.22,11.350,-0.22,11.350,-0.23
11.400,-0.23,11.400,-0.22,11.400,-0.22,11.400,-0.22
11.450,-0.21,11.450,-0.21,11.450,-0.22,11.450,-0.22
11.500,-0.22,11.500,-0.22,11.500,-0.22,11.500,-0.23
11.550,-0.22,11.550,-0.22,11.550,-0.22,11.550,-0.23
11.600,-0.23,11.600,-0.22,11.600,-0.22,11.600,-0.23
11.650,-0.22,11.650,-0.21,11.650,-0.22,11.650,-0.22
11.700,-0.22,11.700,-0.22,11.700,-0.22,11.700,-0.22
11.750,-0.24,11.750,-0.22,11.750,-0.22,11.750,-0.21
11.800,-0.24,11.800,-0.22,11.800,-0.22,11.800,-0.22
11.850,-0.23,11.850,-0.21,11.850,-0.21,11.850,-0.21
11.900,-0.23,11.900,-0.21,11.900,-0.22,11.900,-0.21
11.950,-0.22,11.950,-0.21,11.950,-0.22,11.950,-0.22
12.000,-0.23,12.000,-0.22,12.000,-0.23,12.000,-0.21
12.050,-0.22,12.050,-0.22,12.050,-0.23,12.050,-0.21
12.100,-0.22,12.100,-0.23,12.100,-0.22,12.100,-0.22
12.150,-0.21,12.150,-0.22,12.150,-0.23,12.150,-0.22
12.200,-0.22,12.200,-0.22,12.200,-0.23,12.200,-0.23
12.250,-0.23,12.250,-0.21,12.250,-0.23,12.250,-0.22
12.300,-0.23,12.300,-0.22,12.300,-0.23,12.300,-0.22
12.350,-0.22,12.350,-0.22,12.350,-0.21,12.350,-0.22
12.400,-0.22,12.400,-0.22,12.400,-0.22,12.400,-0.22
12.450,-0.23,12.450,-0.21,12.450,-0.24,12.450,-0.22
12.500,-0.22,12.500,-0.22,12.500,-0.23,12.500,-0.21
12.550,-0.22,12.550,-0.21,12.550,-0.23,12.550,-0.21
12.600,-0.23,12.600,-0.21,12.600,-0.23,12.600,-0.21
12.650,-0.22,12.650,-0.22,12.650,-0.22,12.650,-0.21
12.700,-0.21,12.700,-0.22,12.700,-0.23,12.700,-0.21
12.750,-0.21,12.750,-0.21,12.750,-0.23,12.750,-0.22
12.800,-0.22,12.800,-0.22,12.800,-0.23,12.800,-0.22
12.850,-0.21,12.850,-0.22,12.850,-0.23,12.850,-0.21
12.900,-0.22,12.900,-0.22,12.900,-0.23,12.900,-0.22
12.950,-0.22,12.950,-0.22,12.950,-0.23,12.950,-0.21
13.000,-0.22,13.000,-0.22,13.000,-0.23,13.000,-0.22
13.050,-0.22,13.050,-0.21,13.050,-0.22,13.050,-0.21
13.100,-0.23,13.100,-0.22,13.100,-0.21,13.100,-0.22
13.150,-0.22,13.150,-0.21,13.150,-0.22,13.150,-0.21
13.200,-0.21,13.200,-0.22,13.200,-0.22,13.200,-0.22
13.250,-0.21,13.250,-0.22,13.250,-0.22,13.250,-0.21
13.300,-0.22,13.300,-0.22,13.300,-0.22,13.300,-0.21
13.350,-0.22,13.350,-0.22,13.350,-0.22,13.350,-0.21
13.400,-0.22,13.400,-0.24,13.400,-0.23,13.400,-0.22
13.450,-0.21,13.450,-0.22,13.450,-0.22,13.450,-0.21
13.500,-0.22,13.500,-0.22,13.500,-0.22,13.500,-0.22
13.550,-0.22,13.550,-0.22,13.550,-0.22,13.550,-0.20
13.600,-0.23,13.600,-0.22,13.600,-0.22,13.600,-0.22
13.650,-0.21,13.650,-0.21,13.650,-0.22,13.650,-0.21
13.700,-0.22,13.700,-0.21,13.700,-0.23,13.700,-0.22
13.750,-0.23,13.750,-0.22,13.750,-0.22,13.750,-0.21
13.800,-0.23,13.800,-0.22,13.800,-0.22,13.800,-0.22
13.850,-0.22,13.850,-0.21,13.850,-0.21,13.850,-0.21
13.900,-0.22,13.900,-0.21,13.900,-0.21,13.900,-0.21
13.950,-0.22,13.950,-0.21,13.950,-0.22,13.950,-0.22
14.000,-0.22,14.000,-0.22,14.000,-0.22,14.000,-0.22
14.050,-0.22,14.050,-0.22,14.050,-0.22,14.050,-0.22
14.100,-0.23,14.100,-0.21,14.100,-0.22,14.100,-0.22
14.150,-0.22,14.150,-0.21,14.150,-0.22,14.150,-0.22
14.200,-0.23,14.200,-0.21,14.200,-0.23,14.200,-0.22
14.250,-0.22,14.250,-0.21,14.250,-0.22,14.250,-0.21
14.300,-0.22,14.300,-0.21,14.300,-0.22,14.300,-0.21
14.350,-0.23,14.350,-0.20,14.350,-0.21,14.350,-0.21
14.400,-0.22,14.400,-0.21,14.400,-0.22,14.400,-0.22
14.450,-0.22,14.450,-0.21,14.450,-0.21,14.450,-0.22
14.500,-0.22,14.500,-0.21,14.500,-0.22,14.500,-0.22
14.550,-0.23,14.550,-0.21,14.550,-0.22,14.550,-0.22
14.600,-0.23,14.600,-0.21,14.600,-0.22,14.600,-0.22
14.650,-0.21,14.650,-0.21,14.650,-0.22,14.650,-0.21
14.700,-0.22,14.700,-0.21,14.700,-0.22,14.700,-0.22
14.750,-0.22,14.750,-0.21,14.750,-0.22,14.750,-0.22
14.800,-0.23,14.800,-0.21,14.800,-0.22,14.800,-0.21
14.850,-0.23,14.850,-0.20,14.850,-0.22,14.850,-0.22
14.900,-0.23,14.900,-0.21,14.900,-0.22,14.900,-0.23
14.950,-0.23,14.950,-0.21,14.950,-0.21,14.950,-0.21
15.000,-0.24,15.000,-0.20,15.000,-0.20,15.000,-0.22
15.050,-0.22,15.050,-0.20,15.050,-0.21,15.050,-0.21
15.100,-0.22,15.100,-0.21,15.100,-0.22,15.100,-0.21
15.150,-0.22,15.150,-0.21,15.150,-0.22,15.150,-0.21
15.200,-0.23,15.200,-0.21,15.200,-0.22,15.200,-0.21
15.250,-0.22,15.250,-0.21,15.250,-0.21,15.250,-0.21
15.300,-0.23,15.300,-0.22,15.300,-0.22,15.300,-0.21
15.350,-0.22,15.350,-0.21,15.350,-0.22,15.350,-0.21
15.400,-0.22,15.400,-0.21,15.400,-0.21,15.400,-0.22
15.450,-0.22,15.450,-0.21,15.450,-0.22,15.450,-0.21
15.500,-0.23,15.500,-0.21,15.500,-0.22,15.500,-0.21
15.550,-0.22,15.550,-0.20,15.550,-0.22,15.550,-0.22
15.600,-0.23,15.600,-0.22,15.600,-0.21,15.600,-0.21
15.650,-0.22,15.650,-0.21,15.650,-0.22,15.650,-0.16
15.700,-0.22,15.700,-0.22,15.700,-0.21,15.700,0.19
15.750,-0.22,15.750,-0.21,15.750,-0.21,15.750,0.44
15.800,-0.22,15.800,-0.21,15.800,-0.22,15.800,0.62
15.850,-0.22,15.850,-0.21,15.850,-0.22,15.850,0.86
15.900,-0.22,15.900,-0.22,15.900,-0.22,15.900,1.08
15.950,-0.23,15.950,-0.20,15.950,-0.22,15.950,1.18
16.000,-0.23,16.000,-0.20,16.000,-0.22,16.000,1.34
16.050,-0.22,16.050,-0.20,16.050,-0.21,16.050,1.54
16.100,-0.23,16.100,-0.21,16.100,-0.22,16.100,14.27
16.150,-0.22,16.150,-0.20,16.150,-0.21,16.150,12.46
16.200,-0.22,16.200,-0.21,16.200,-0.21,16.200,10.87
16.250,-0.22,16.250,-0.21,16.250,-0.21,16.250,10.28
16.300,-0.22,16.300,-0.21,16.300,-0.21,16.300,9.32
16.350,-0.21,16.350,-0.20,16.350,-0.21,16.350,7.83
16.400,-0.22,16.400,-0.21,16.400,-0.21,16.400,4.02
16.450,-0.22,16.450,-0.21,16.450,-0.23,16.450,0.39
16.500,-0.22,16.500,-0.20,16.500,-0.22,16.500,-0.21
16.550,-0.21,16.550,-0.21,16.550,-0.22,16.550,-0.21
16.600,-0.22,16.600,-0.20,16.600,-0.22,16.600,-0.21
16.650,-0.22,16.650,-0.21,16.650,-0.22,16.650,-0.20
16.700,-0.22,16.700,-0.21,16.700,-0.23,16.700,-0.22
16.750,-0.22,16.750,-0.21,16.750,-0.22,16.750,-0.21
16.800,-0.22,16.800,-0.22,16.800,-0.22,16.800,-0.21
16.850,-0.22,16.850,-0.21,16.850,-0.22,16.850,-0.20
16.900,-0.22,16.900,-0.21,16.900,-0.22,16.900,-0.20
16.950,-0.21,16.950,-0.21,16.950,-0.22,16.950,-0.20
17.000,-0.22,17.000,-0.22,17.000,-0.24,17.000,-0.21
17.050,-0.22,17.050,-0.21,17.050,-0.22,17.050,-0.21
17.100,-0.22,17.100,-0.21,17.100,-0.22,17.100,-0.21
17.150,-0.21,17.150,-0.21,17.150,-0.22,17.150,-0.20
17.200,-0.21,17.200,-0.20,17.200,-0.22,17.200,-0.22
17.250,-0.21,17.250,-0.20,17.250,-0.22,17.250,-0.21
17.300,-0.21,17.300,-0.21,17.300,-0.22,17.300,-0.22
17.350,-0.21,17.350,-0.21,17.350,-0.22,17.350,-0.22
17.400,-0.22,17.400,-0.20,17.400,-0.22,17.400,-0.21
17.450,-0.22,17.450,-0.20,17.450,-0.21,17.450,-0.21
17.500,-0.22,17.500,-0.21,17.500,-0.22,17.500,-0.22
17.550,-0.21,17.550,-0.21,17.550,-0.21,17.550,-0.21
17.600,-0.21,17.600,-0.21,17.600,-0.22,17.600,-0.22
17.650,-0.21,17.650,-0.20,17.650,-0.22,17.650,-0.21
17.700,-0.22,17.700,-0.21,17.700,-0.22,17.700,-0.22
17.750,-0.22,17.750,-0.21,17.750,-0.22,17.750,-0.22
17.800,-0.23,17.800,-0.22,17.800,-0.22,17.800,-0.22
17.850,-0.23,17.850,-0.21,17.850,-0.22,17.850,-0.22
17.900,-0.22,17.900,-0.22,17.900,-0.22,17.900,-0.22
17.950,-0.22,17.950,-0.21,17.950,-0.22,17.950,-0.22
18.000,-0.23,18.000,-0.22,18.000,-0.22,18.000,-0.22
18.050,-0.23,18.050,-0.22,18.050,-0.22,18.050,-0.22
18.100,-0.21,18.100,-0.21,18.100,-0.22,18.100,-0.21
18.150,-0.22,18.150,-0.21,18.150,-0.21,18.150,-0.21
18.200,-0.22,18.200,-0.21,18.200,-0.22,18.200,-0.21
18.250,-0.22,18.250,-0.21,18.250,-0.22,18.250,-0.21
18.300,-0.23,18.300,-0.21,18.300,-0.22,18.300,-0.22
18.350,-0.22,18.350,-0.22,18.350,-0.21,18.350,-0.22
18.400,-0.23,18.400,-0.22,18.400,-0.22,18.400,-0.22
18.450,-0.21,18.450,-0.22,18.450,-0.21,18.450,-0.21
18.500,-0.22,18.500,-0.20,18.500,-0.22,18.500,-0.21
18.550,-0.22,18.550,-0.20,18.550,-0.22,18.550,-0.21
18.600,-0.22,18.600,-0.21,18.600,-0.22,18.600,-0.22
18.650,-0.22,18.650,-0.21,18.650,-0.22,18.650,-0.21
18.700,-0.23,18.700,-0.20,18.700,-0.22,18.700,-0.21
18.750,-0.21,18.750,-0.21,18.750,-0.21,18.750,-0.21
18.800,-0.22,18.800,-0.20,18.800,-0.21,18.800,-0.23
18.850,-0.21,18.850,-0.21,18.850,-0.23,18.850,-0.23
18.900,-0.22,18.900,-0.21,18.900,-0.22,18.900,-0.23
18.950,-0.22,18.950,-0.20,18.950,-0.23,18.950,-0.23
19.000,-0.22,19.000,-0.21,19.000,-0.22,19.000,-0.23
19.050,-0.22,19.050,-0.21,19.050,-0.22,19.050,-0.23
19.100,-0.22,19.100,-0.21,19.100,-0.22,19.100,-0.22
19.150,-0.23,19.150,-0.20,19.150,-0.22,19.150,-0.22
19.200,-0.23,19.200,-0.20,19.200,-0.22,19.200,-0.22
19.250,-0.23,19.250,-0.20,19.250,-0.21,19.250,-0.22
19.300,-0.23,19.300,-0.21,19.300,-0.21,19.300,-0.22
19.350,-0.22,19.350,-0.21,19.350,-0.21,19.350,-0.21
19.400,-0.23,19.400,-0.21,19.400,-0.22,19.400,-0.22
19.450,-0.23,19.450,-0.21,19.450,-0.22,19.450,-0.22
19.500,-0.22,19.500,-0.21,19.500,-0.22,19.500,-0.22
19.550,-0.23,19.550,-0.21,19.550,-0.21,19.550,-0.22
19.600,-0.23,19.600,-0.20,19.600,-0.22,19.600,-0.22
19.650,-0.24,19.650,-0.20,19.650,-0.22,19.650,-0.22
19.700,-0.23,19.700,-0.21,19.700,-0.21,19.700,-0.21
19.750,-0.22,19.750,-0.21,19.750,-0.22,19.750,-0.21
19.800,-0.24,19.800,-0.22,19.800,-0.22,19.800,-0.22
19.850,-0.24,19.850,-0.21,19.850,-0.22,19.850,-0.21
19.900,-0.23,19.900,-0.21,19.900,-0.22,19.900,-0.22
19.950,-0.23,19.950,-0.20,19.950,-0.23,19.950,-0.22
20.000,-0.24,20.000,-0.21,20.000,-0.22,20.000,-0.23
20.050,-0.23,20.050,-0.21,20.050,-0.22,20.050,-0.22
20.100,-0.22,20.100,-0.22,20.100,-0.22,20.100,-0.22
20.150,-0.23,20.150,-0.21,20.150,-0.22,20.150,-0.23
20.200,17.84,20.200,-0.21,20.200,-0.23,20.200,-0.22
20.250,12.61,20.250,-0.21,20.250,-0.22,20.250,-0.21
20.300,11.70,20.300,-0.22,20.300,-0.22,20.300,-0.21
20.350,10.58,20.350,-0.21,20.350,-0.22,20.350,-0.21
20.400,9.43,20.400,-0.21,20.400,-0.23,20.400,-0.22
20.450,7.09,20.450,-0.21,20.450,-0.22,20.450,-0.22
20.500,2.73,20.500,-0.22,20.500,-0.20,20.500,-0.22
20.550,0.03,20.550,-0.21,20.550,-0.21,20.550,-0.21
20.600,-0.22,20.600,-0.21,20.600,-0.23,20.600,-0.23
20.650,-0.22,20.650,-0.21,20.650,-0.21,20.650,-0.22
20.700,-0.22,20.700,-0.22,20.700,-0.21,20.700,-0.23
20.750,-0.22,20.750,-0.21,20.750,-0.22,20.750,-0.22
20.800,-0.22,20.800,-0.21,20.800,-0.21,20.800,-0.21
20.850,-0.22,20.850,-0.21,20.850,-0.23,20.850,-0.22
20.900,-0.22,20.900,-0.21,20.900,-0.22,20.900,-0.22
20.950,-0.22,20.950,-0.20,20.950,-0.21,20.950,-0.22
21.000,-0.22,21.000,-0.21,21.000,-0.21,21.000,-0.21
21.050,-0.22,21.050,-0.22,21.050,-0.22,21.050,-0.21
21.100,-0.22,21.100,-0.22,21.100,-0.22,21.100,-0.22
21.150,-0.21,21.150,-0.21,21.150,-0.21,21.150,-0.21
21.200,-0.21,21.200,-0.21,21.200,-0.22,21.200,-0.22
21.250,-0.21,21.250,-0.21,21.250,-0.21,21.250,-0.22
21.300,-0.22,21.300,-0.20,21.300,-0.22,21.300,-0.21
21.350,-0.23,21.350,-0.20,21.350,-0.21,21.350,-0.21
21.400,-0.23,21.400,-0.20,21.400,-0.22,21.400,-0.22
21.450,-0.23,21.450,-0.20,21.450,-0.22,21.450,-0.22
21.500,-0.24,21.500,-0.21,21.500,-0.22,21.500,-0.22
21.550,-0.23,21.550,-0.21,21.550,-0.22,21.550,-0.22
21.600,-0.23,21.600,-0.22,21.600,-0.22,21.600,-0.23
21.650,-0.23,21.650,-0.22,21.650,-0.22,21.650,-0.22
21.700,-0.23,21.700,-0.21,21.700,-0.22,21.700,-0.22
21.750,-0.22,21.750,-0.20,21.750,-0.22,21.750,-0.21
21.800,-0.23,21.800,-0.22,21.800,-0.22,21.800,-0.23
21.850,-0.22,21.850,-0.21,21.850,-0.22,21.850,-0.22
21.900,-0.23,21.900,-0.21,21.900,-0.22,21.900,-0.21
21.950,-0.23,21.950,-0.21,21.950,-0.21,21.950,-0.22
22.000,-0.23,22.000,-0.22,22.000,-0.21,22.000,-0.22
22.050,-0.23,22.050,-0.20,22.050,-0.22,22.050,-0.21
22.100,-0.22,22.100,-0.21,22.100,-0.22,22.100,-0.22
22.150,-0.22,22.150,-0.21,22.150,-0.21,22.150,-0.21
22.200,-0.23,22.200,-0.21,22.200,-0.21,22.200,-0.21
22.250,-0.22,22.250,-0.21,22.250,-0.22,22.250,-0.21
22.300,-0.23,22.300,-0.21,22.300,-0.22,22.300,-0.21
22.350,-0.22,22.350,-0.21,22.350,-0.21,22.350,-0.20
22.400,-0.22,22.400,17.92,22.400,-0.21,22.400,-0.21
22.450,-0.22,22.450,13.77,22.450,-0.20,22.450,-0.21
22.500,-0.21,22.500,11.18,22.500,-0.21,22.500,-0.21
22.550,-0.22,22.550,10.17,22.550,-0.21,22.550,-0.21
22.600,-0.22,22.600,9.40,22.600,-0.22,22.600,-0.21
22.650,-0.22,22.650,6.72,22.650,-0.21,22.650,-0.19
22.700,-0.22,22.700,2.55,22.700,-0.21,22.700,-0.20
22.750,-0.21,22.750,0.02,22.750,-0.21,22.750,-0.20
22.800,-0.23,22.800,-0.21,22.800,-0.21,22.800,-0.21
22.850,-0.23,22.850,-0.21,22.850,-0.22,22.850,-0.20
22.900,-0.23,22.900,-0.21,22.900,-0.22,22.900,-0.22
22.950,-0.23,22.950,-0.21,22.950,-0.22,22.950,-0.22
23.000,-0.23,23.000,-0.22,23.000,-0.21,23.000,-0.21
23.050,-0.23,23.050,-0.22,23.050,-0.21,23.050,-0.21
23.100,-0.22,23.100,-0.22,23.100,-0.21,23.100,-0.21
23.150,-0.22,23.150,-0.21,23.150,-0.21,23.150,-0.21
23.200,-0.22,23.200,-0.21,23.200,-0.21,23.200,-0.21
23.250,-0.22,23.250,-0.22,23.250,-0.20,23.250,-0.21
23.300,-0.23,23.300,-0.22,23.300,-0.20,23.300,-0.21
23.350,-0.22,23.350,-0.20,23.350,-0.20,23.350,-0.21
23.400,-0.22,23.400,-0.21,23.400,-0.21,23.400,-0.21
23.450,-0.22,23.450,-0.21,23.450,-0.21,23.450,-0.21
23.500,-0.22,23.500,-0.21,23.500,-0.22,23.500,-0.21
23.550,-0.20,23.550,-0.20,23.550,-0.21,23.550,-0.21
23.600,-0.21,23.600,-0.21,23.600,-0.22,23.600,-0.21
23.650,-0.21,23.650,-0.21,23.650,-0.21,23.650,-0.20
23.700,-0.22,23.700,-0.21,23.700,-0.21,23.700,-0.20
23.750,-0.22,23.750,-0.19,23.750,-0.21,23.750,-0.20
23.800,-0.22,23.800,-0.20,23.800,-0.22,23.800,-0.20
23.850,-0.22,23.850,-0.21,23.850,-0.21,23.850,-0.19
23.900,-0.21,23.900,-0.21,23.900,-0.22,23.900,-0.20
23.950,-0.21,23.950,-0.21,23.950,-0.21,23.950,-0.20
24.000,-0.21,24.000,-0.22,24.000,-0.21,24.000,-0.21
24.050,-0.21,24.050,-0.21,24.050,-0.22,24.050,-0.21
24.100,-0.22,24.100,-0.21,24.100,-0.21,24.100,-0.21
24.150,-0.23,24.150,-0.21,24.150,-0.21,24.150,-0.21
24.200,-0.21,24.200,-0.21,24.200,-0.21,24.200,-0.21
24.250,-0.22,24.250,-0.21,24.250,-0.21,24.250,-0.21
24.300,-0.21,24.300,-0.21,24.300,-0.22,24.300,-0.22
24.350,-0.22,24.350,-0.20,24.350,-0.22,24.350,-0.21
24.400,-0.21,24.400,-0.21,24.400,-0.21,24.400,-0.22
24.450,-0.21,24.450,-0.20,24.450,-0.21,24.450,-0.22
24.500,-0.22,24.500,-0.21,24.500,-0.22,24.500,-0.20
24.550,-0.22,24.550,-0.22,24.550,-0.22,24.550,-0.21
24.600,-0.22,24.600,-0.22,24.600,-0.22,24.600,-0.21
24.650,-0.21,24.650,-0.22,24.650,-0.22,24.650,-0.21
24.700,-0.22,24.700,-0.21,24.700,-0.21,24.700,-0.21
24.750,-0.21,24.750,-0.22,24.750,-0.21,24.750,-0.22
24.800,-0.21,24.800,-0.21,24.800,-0.22,24.800,-0.22
24.850,-0.22,24.850,-0.21,24.850,-0.22,24.850,-0.22
24.900,-0.22,24.900,-0.22,24.900,-0.22,24.900,-0.21
24.950,-0.22,24.950,-0.21,24.950,-0.22,24.950,-0.21
25.000,-0.21,25.000,-0.21,25.000,-0.21,25.000,-0.22
25.050,-0.21,25.050,-0.21,25.050,-0.22,25.050,-0.21
25.100,-0.22,25.100,-0.21,25.100,-0.22,25.100,-0.22
25.150,-0.21,25.150,-0.21,25.150,-0.22,25.150,-0.22
25.200,-0.22,25.200,-0.22,25.200,-0.22,25.200,-0.23
25.250,-0.22,25.250,-0.21,25.250,-0.22,25.250,-0.22
25.300,-0.22,25.300,-0.21,25.300,-0.23,25.300,-0.21
25.350,-0.22,25.350,-0.21,25.350,-0.22,25.350,-0.22
25.400,-0.23,25.400,-0.21,25.400,-0.23,25.400,-0.22
25.450,-0.22,25.450,-0.19,25.450,-0.22,25.450,-0.22
25.500,-0.23,25.500,-0.20,25.500,-0.23,25.500,-0.22
25.550,-0.22,25.550,-0.19,25.550,5.61,25.550,-0.22
25.600,-0.22,25.600,-0.20,25.600,11.76,25.600,-0.22
25.650,-0.22,25.650,-0.20,25.650,11.40,25.650,-0.21
25.700,-0.22,25.700,-0.20,25.700,10.44,25.700,-0.21
25.750,-0.22,25.750,-0.20,25.750,9.65,25.750,-0.22
25.800,-0.22,25.800,-0.20,25.800,7.38,25.800,-0.21
25.850,-0.22,25.850,-0.20,25.850,3.08,25.850,-0.22
25.900,-0.23,25.900,-0.21,25.900,0.16,25.900,-0.21
25.950,-0.23,25.950,-0.21,25.950,-0.23,25.950,-0.20
26.000,-0.23,26.000,-0.20,26.000,-0.23,26.000,-0.22
26.050,-0.22,26.050,-0.19,26.050,-0.22,26.050,-0.22
26.100,-0.22,26.100,-0.21,26.100,-0.23,26.100,-0.21
26.150,-0.22,26.150,-0.20,26.150,-0.24,26.150,-0.21
26.200,-0.23,26.200,-0.20,26.200,-0.23,26.200,-0.21
26.250,-0.22,26.250,-0.20,26.250,-0.22,26.250,-0.21
26.300,-0.22,26.300,-0.20,26.300,-0.23,26.300,-0.21
26.350,-0.22,26.350,-0.21,26.350,-0.23,26.350,-0.21
26.400,-0.22,26.400,-0.21,26.400,-0.23,,
26.450,-0.22,26.450,-0.20,26.450,-0.23,,
26.500,-0.22,26.500,-0.20,26.500,-0.23,,
26.550,-0.22,26.550,-0.20,26.550,-0.22,,
26.600,-0.22,26.600,-0.20,26.600,-0.22,,
26.650,-0.23,26.650,-0.20,26.650,-0.22,,
26.700,-0.23,26.700,-0.21,26.700,-0.22,,
26.750,-0.23,26.750,-0.20,26.750,-0.21,,
26.800,-0.22,26.800,-0.21,26.800,-0.21,,
26.850,-0.22,26.850,-0.21,26.850,-0.21,,
26.900,-0.23,26.900,-0.21,26.900,-0.22,,
26.950,-0.22,26.950,-0.21,26.950,-0.21,,
27.000,-0.22,27.000,-0.21,27.000,-0.22,,
27.050,-0.21,27.050,-0.21,27.050,-0.22,,
27.100,-0.22,27.100,-0.21,27.100,-0.23,,
27.150,-0.22,27.150,-0.22,27.150,-0.22,,
27.200,-0.23,27.200,-0.22,27.200,-0.22,,
27.250,-0.22,27.250,-0.21,27.250,-0.22,,
27.300,-0.22,27.300,-0.22,27.300,-0.22,,
27.350,-0.22,27.350,-0.21,27.350,-0.22,,
27.400,-0.22,27.400,-0.21,27.400,-0.22,,
27.450,-0.21,27.450,-0.20,27.450,-0.22,,
27.500,-0.21,27.500,-0.21,27.500,-0.22,,
27.550,-0.21,27.550,-0.20,27.550,-0.22,,
27.600,-0.20,27.600,-0.20,27.600,-0.23,,
27.650,-0.21,27.650,-0.21,27.650,-0.22,,
27.700,-0.22,27.700,-0.21,27.700,-0.21,,
27.750,-0.22,27.750,-0.21,27.750,-0.22,,
27.800,-0.22,27.800,-0.21,27.800,-0.22,,
27.850,-0.20,27.850,-0.21,27.850,-0.22,,
27.900,-0.21,27.900,-0.21,27.900,-0.21,,
27.950,-0.21,27.950,-0.22,27.950,-0.21,,
28.000,-0.21,28.000,-0.22,28.000,-0.22,,
28.050,-0.21,28.050,-0.21,28.050,-0.21,,
28.100,-0.22,28.100,-0.22,28.100,-0.22,,
28.150,-0.21,28.150,-0.21,28.150,-0.21,,
28.200,-0.22,28.200,-0.22,28.200,-0.22,,
28.250,-0.21,28.250,-0.21,28.250,-0.21,,
28.300,-0.21,28.300,-0.22,28.300,-0.21,,
28.350,-0.21,28.350,-0.20,28.350,-0.21,,
28.400,-0.21,28.400,-0.20,28.400,-0.21,,
28.450,-0.21,28.450,-0.20,28.450,-0.20,,
28.500,-0.20,28.500,-0.22,28.500,-0.22,,
28.550,-0.20,28.550,-0.21,28.550,-0.22,,
28.600,-0.21,28.600,-0.21,28.600,-0.21,,
28.650,-0.20,28.650,-0.22,28.650,-0.21,,
28.700,-0.20,28.700,-0.22,28.700,-0.21,,
28.750,-0.21,28.750,-0.21,28.750,-0.21,,
28.800,-0.21,28.800,-0.22,28.800,-0.22,,
28.850,-0.21,28.850,-0.20,28.850,-0.22,,
28.900,-0.21,28.900,-0.22,28.900,-0.22,,
28.950,-0.22,28.950,-0.22,28.950,-0.22,,
29.000,-0.22,29.000,-0.22,29.000,-0.22,,
29.050,-0.22,29.050,-0.21,29.050,-0.22,,
29.100,-0.21,29.100,-0.22,29.100,-0.22,,
29.150,-0.20,29.150,-0.21,29.150,-0.21,,
29.200,-0.21,29.200,-0.21,29.200,-0.22,,
29.250,-0.21,29.250,-0.20,29.250,-0.21,,
29.300,-0.21,29.300,-0.21,29.300,-0.21,,
29.350,-0.20,29.350,-0.21,29.350,-0.22,,
29.400,-0.21,29.400,-0.22,29.400,-0.22,,
29.450,-0.22,29.450,-0.22,29.450,-0.22,,
29.500,-0.22,29.500,-0.22,29.500,-0.22,,
29.550,-0.21,29.550,-0.21,29.550,-0.22,,
29.600,-0.21,29.600,-0.20,29.600,-0.22,,
29.650,-0.22,29.650,-0.20,29.650,-0.22,,
29.700,-0.21,29.700,-0.20,29.700,-0.22,,
29.750,-0.21,29.750,-0.21,29.750,-0.22,,
29.800,-0.21,29.800,-0.21,29.800,-0.22,,
29.850,-0.21,29.850,-0.21,29.850,-0.22,,
29.900,-0.21,29.900,-0.22,29.900,-0.22,,
29.950,-0.21,29.950,-0.22,29.950,-0.22,,
30.000,-0.22,30.000,-0.22,30.000,-0.22,,
30.050,-0.22,30.050,-0.21,30.050,-0.22,,
30.100,-0.22,30.100,-0.22,30.100,-0.22,,
30.150,-0.22,30.150,-0.21,30.150,-0.22,,
30.200,-0.22,30.200,-0.22,30.200,-0.22,,
30.250,-0.22,30.250,-0.21,30.250,-0.22,,
30.300,-0.22,30.300,-0.22,30.300,-0.23,,
30.350,-0.22,30.350,-0.21,30.350,-0.21,,
30.400,-0.22,30.400,-0.22,30.400,-0.22,,
30.450,-0.22,30.450,-0.22,30.450,-0.21,,
30.500,-0.22,30.500,-0.22,30.500,-0.23,,
30.550,-0.21,30.550,-0.21,30.550,-0.21,,
30.600,-0.23,30.600,-0.21,30.600,-0.22,,
30.650,-0.22,30.650,-0.21,30.650,-0.22,,
30.700,-0.21,30.700,-0.22,30.700,-0.22,,
30.750,-0.22,30.750,-0.22,30.750,-0.22,,
30.800,-0.22,30.800,-0.21,30.800,-0.22,,
30.850,-0.22,30.850,-0.21,30.850,-0.21,,
30.900,-0.23,30.900,-0.21,30.900,-0.22,,
30.950,-0.22,30.950,-0.21,30.950,-0.21,,
31.000,-0.23,31.000,-0.22,31.000,-0.22,,
31.050,-0.22,31.050,-0.21,31.050,-0.21,,
31.100,-0.22,31.100,-0.21,31.100,-0.22,,
31.150,-0.21,31.150,-0.20,31.150,-0.22,,
,,31.200,-0.22,31.200,-0.23,,
,,31.250,-0.21,31.250,-0.22,,
,,31.300,-0.21,31.300,-0.22,,
,,31.350,-0.21,31.350,-0.21,,
,,31.400,-0.21,31.400,-0.22,,
,,31.450,-0.21,31.450,-0.23,,
,,31.500,-0.21,31.500,-0.21,,
,,31.550,-0.20,31.550,-0.22,,
,,31.600,-0.21,31.600,-0.23,,
,,31.650,-0.21,31.650,-0.22,,
,,31.700,-0.21,31.700,-0.23,,
,,31.750,-0.22,31.750,-0.21,,
,,31.800,-0.21,31.800,-0.22,,
,,31.850,-0.21,31.850,-0.22,,
,,31.900,-0.21,31.900,-0.22,,
,,31.950,-0.21,31.950,-0.21,,
,,32.000,-0.22,32.000,-0.22,,
,,32.050,-0.22,32.050,-0.22,,
,,32.100,-0.22,32.100,-0.22,,
,,32.150,-0.22,32.150,-0.21,,
,,32.200,-0.22,32.200,-0.23,,
,,32.250,-0.21,32.250,-0.23,,
,,32.300,-0.22,32.300,-0.22,,
,,32.350,-0.22,32.350,-0.22,,
,,32.400,-0.22,32.400,-0.22,,
,,32.450,-0.22,32.450,-0.22,,
,,32.500,-0.22,32.500,-0.21,,
,,32.550,-0.21,32.550,-0.22,,
,,32.600,-0.21,32.600,-0.22,,
,,32.650,-0.22,32.650,-0.21,,
,,32.700,-0.22,32.700,-0.22,,
,,32.750,-0.22,32.750,-0.22,,
,,32.800,-0.21,32.800,-0.23,,
,,32.850,-0.20,32.850,-0.23,,
,,,,32.900,-0.23,,
,,,,32.950,-0.22,,
,,,,33.000,-0.22,,
,,,,33.050,-0.21,,
,,,,33.100,-0.22,,
,,,,33.150,-0.22,,
,,,,33.200,-0.22,,
,,,,33.250,-0.22,,
,,,,33.300,-0.21,,
,,,,33.350,-0.21,,
,,,,33.400,-0.21,,
,,,,33.450,-0.22,,
,,,,33.500,-0.22,,
,,,,33.550,-0.21,,
,,,,33.600,-0.22,,
,,,,33.650,-0.22,,
,,,,33.700,-0.21,,
,,,,33.750,-0.21,,
,,,,33.800,-0.22,,
,,,,33.850,-0.23,,
,,,,33.900,-0.21,,
,,,,33.950,-0.21,,
,,,,34.000,-0.22,,
,,,,34.050,-0.21,,
,,,,34.100,-0.22,,
,,,,34.150,-0.22,,
,,,,34.200,-0.22,,
,,,,34.250,-0.22,,
,,,,34.300,-0.22,,
,,,,34.350,-0.22,,
,,,,34.400,-0.21,,
,,,,34.450,-0.20,,
,,,,34.500,-0.21,,
,,,,34.550,-0.21,,
,,,,34.600,-0.22,,
,,,,34.650,-0.20,,
,,,,34.700,-0.21,,
,,,,34.750,-0.22,,
,,,,34.800,-0.21,,
,,,,34.850,-0.22,,
,,,,34.900,-0.22,,
,,,,34.950,-0.22,,
,,,,35.000,-0.22,,
,,,,35.050,-0.22,,
,,,,35.100,-0.22,,
,,,,35.150,-0.22,,
,,,,35.200,-0.22,,
,,,,35.250,-0.22,,
,,,,35.300,-0.22,,
,,,,35.350,-0.22,,
,,,,35.400,-0.22,,
,,,,35.450,-0.21,,
,,,,35.500,-0.21,,
,,,,35.550,-0.21,,
,,,,35.600,-0.22,,
,,,,35.650,-0.21,,
,,,,35.700,-0.21,,
,,,,35.750,-0.22,,
,,,,35.800,-0.22,,
,,,,35.850,-0.21,,
,,,,35.900,-0.21,,
,,,,35.950,-0.20,,
,,,,36.000,-0.22,,
,,,,36.050,-0.22,,
,,,,36.100,-0.21,,
,,,,36.150,-0.23,,
,,,,36.200,-0.22,,
,,,,36.250,-0.22,,
,,,,36.300,-0.22,,
,,,,36.350,-0.22,,
,,,,36.400,-0.22,,
,,,,36.450,-0.21,,
,,,,36.500,-0.22,,
,,,,36.550,-0.22,,
,,,,36.600,-0.20,,
,,,,36.650,-0.20,,
,,,,36.700,-0.21,,
,,,,36.750,-0.22,,
,,,,36.800,-0.22,,
,,,,36.850,-0.21,,
,,,,36.900,-0.22,,
,,,,36.950,-0.21,,
,,,,37.000,-0.22,,
,,,,37.050,-0.20,,
,,,,37.100,-0.21,,
,,,,37.150,-0.21,,
,,,,37.200,-0.21,,
,,,,37.250,-0.22,,
,,,,37.300,-0.23,,
,,,,37.350,-0.21,,
,,,,37.400,-0.21,,
,,,,37.450,-0.22,,
,,,,37.500,-0.22,,
,,,,37.550,-0.22,,
,,,,37.600,-0.22,,
,,,,37.650,-0.21,,
,,,,37.700,-0.22,,
,,,,37.750,-0.22,,
,,,,37.800,-0.22,,
,,,,37.850,-0.22,,
,,,,37.900,-0.22,,
,,,,37.950,-0.21,,
,,,,38.000,-0.22,,
,,,,38.050,-0.23,,
,,,,38.100,-0.23,,
,,,,38.150,-0.22,,
,,,,38.200,-0.23,,
,,,,38.250,-0.22,,
,,,,38.300,-0.23,,
,,,,38.350,-0.22,,
,,,,38.400,-0.22,,
,,,,38.450,-0.22,,
,,,,38.500,-0.22,,
,,,,38.550,-0.22,,
,,,,38.600,-0.22,,
,,,,38.650,-0.22,,
,,,,38.700,-0.22,,
,,,,38.750,-0.21,,
,,,,38.800,-0.22,,
,,,,38.850,-0.22,,
,,,,38.900,-0.22,,
,,,,38.950,-0.21,,
,,,,39.000,-0.22,,
,,,,39.050,-0.22,,
,,,,39.100,-0.22,,
,,,,39.150,-0.23,,
,,,,39.200,-0.23,,
,,,,39.250,-0.22,,
,,,,39.300,-0.22,,
,,,,39.350,-0.22,,
,,,,39.400,-0.22,,
,,,,39.450,-0.22,,
,,,,39.500,-0.22,,
,,,,39.550,-0.23,,
,,,,39.600,-0.22,,
,,,,39.650,-0.22,,
,,,,39.700,-0.23,,
,,,,39.750,-0.21,,
,,,,39.800,-0.21,,
,,,,39.850,-0.21,,
,,,,39.900,-0.23,,
,,,,39.950,-0.22,,
,,,,40.000,-0.23,,
,,,,40.050,-0.22,,
,,,,40.100,-0.22,,
,,,,40.150,-0.22,,
,,,,40.200,-0.22,,
,,,,40.250,-0.21,,
,,,,40.300,-0.22,,
,,,,40.350,-0.21,,
,,,,40.400,-0.22,,
,,,,40.450,-0.20,,
,,,,40.500,-0.22,,
,,,,40.550,-0.21,,
,,,,40.600,-0.22,,
,,,,40.650,-0.22,,
,,,,40.700,-0.21,,
,,,,40.750,-0.22,,
,,,,40.800,-0.23,,
,,,,40.850,-0.22,,
,,,,40.900,-0.22,,
,,,,40.950,-0.21,,
,,,,41.000,-0.22,,
,,,,41.050,-0.22,,
,,,,41.100,-0.22,,
,,,,41.150,-0.20,,
,,,,41.200,-0.21,,
,,,,41.250,-0.21,,
,,,,41.300,-0.22,,
,,,,41.350,-0.21,,
,,,,41.400,-0.21,,
,,,,41.450,-0.21,,
,,,,41.500,-0.22,,
,,,,41.550,-0.22,,
,,,,41.600,-0.22,,
,,,,41.650,-0.20,,
,,,,41.700,-0.21,,
,,,,41.750,-0.20,,
,,,,41.800,-0.22,,
,,,,41.850,-0.20,,
,,,,41.900,-0.21,,
,,,,41.950,-0.20,,
,,,,42.000,-0.21,,
,,,,42.050,-0.21,,
